{
  "performance_data": {
    "valid8_f1_scores": [
      0.95,
      0.93,
      0.94,
      0.96,
      0.92,
      0.94,
      0.95,
      0.93,
      0.94,
      0.96
    ],
    "industry_baseline": 0.65,
    "sample_size": 10
  },
  "statistical_analysis": {
    "confidence_interval": [
      0.9339999999999999,
      0.9499999999999998
    ],
    "t_statistic": 70.13613136662829,
    "p_value_one_tail": 6.153424905247373e-14,
    "effect_size_cohen_d": 22.178992139132337,
    "statistical_power": 1.0
  },
  "enterprise_readiness": {
    "criteria_met": 