{
  "precision": 0.6521739130434783,
  "recall": 0.7894736842105263,
  "f1_score": 0.7142857142857143,
  "coverage": 0.6666666666666666,
  "scan_time": 0.009969949722290039,
  "success": false
}