{
  "precision": 1.0,
  "recall": 0.8518518518518519,
  "f1_score": 0.92,
  "coverage": 0.6666666666666666,
  "scan_time": 0.011844873428344727,
  "success": false
}