{
  "test_date": "2025-11-03T22:14:47.458110",
  "total_files": 50,
  "total_time_seconds": 9505.911798000336,
  "pattern_scan": {
    "time_seconds": 0.33850693702697754,
    "files_scanned": 50,
    "vulnerabilities": 358,
    "cwe_breakdown": {
      "CWE-20": 14,
      "CWE-863": 8,
      "CWE-352": 311,
      "CWE-327": 8,
      "CWE-125": 17
    },
    "files_per_second": 147.7074604117056
  },
  "ai_scan": {
    "time_seconds": 9505.571213006973,
    "files_scanned": 30,
    "vulnerabilities": 199,
    "cwe_breakdown": {
      "CWE-89": 53,
      "CWE-287": 26,
      "CWE-285": 14,
      "CWE-306": 17,
      "CWE-312": 18,
      "CWE-311": 16,
      "CWE-327": 12,
      "CWE-384": 11,
      "CWE-400": 6,
      "CWE-78": 9,
      "CWE-90": 5,
      "CWE-643": 6,
      "CWE-91": 2,
      "CWE-917": 2,
      "CWE-401": 2
    },
    "files_per_second": 0.003156043895494615,
    "avg_time_per_file": 8286.818412073728,
    "min_file_time": 4355.146423101425,
    "max_file_time": 9505.407085895538
  },
  "hybrid_mode": {
    "pattern_vulns": 358,
    "ai_vulns": 199,
    "total_vulns": 536,
    "ai_additional": 199,
    "cwe_breakdown": {
      "CWE-20": 14,
      "CWE-863": 8,
      "CWE-352": 290,
      "CWE-327": 20,
      "CWE-125": 17,
      "CWE-89": 53,
      "CWE-287": 26,
      "CWE-285": 14,
      "CWE-306": 17,
      "CWE-312": 18,
      "CWE-311": 16,
      "CWE-384": 11,
      "CWE-400": 6,
      "CWE-78": 9,
      "CWE-90": 5,
      "CWE-643": 6,
      "CWE-91": 2,
      "CWE-917": 2,
      "CWE-401": 2
    }
  }
}